{"stats":{"minecraft:custom":{"minecraft:jump":30,"minecraft:time_since_rest":1490,"minecraft:leave_game":1,"minecraft:sprint_one_cm":2487,"minecraft:play_time":1490,"minecraft:damage_taken":30,"minecraft:time_since_death":1490,"minecraft:walk_one_cm":3947,"minecraft:sneak_time":9,"minecraft:total_world_time":1490,"minecraft:drop":1,"minecraft:fall_one_cm":2051,"minecraft:fly_one_cm":2811},"minecraft:mined":{"minecraft:birch_log":2,"minecraft:birch_leaves":7},"minecraft:used":{"minecraft:birch_log":2},"minecraft:dropped":{"minecraft:stick":1},"minecraft:picked_up":{"minecraft:stick":1,"minecraft:birch_log":2}},"DataVersion":3465}